service,file_name,relative_path,rows_in_window,columns_in_file
yellow,yellow_tripdata_2021-01.parquet,C:\Users\Steven Groenewald\Dropbox\PC\Desktop\UP\MIT805\Live Data\raw\nyc_taxi\yellow\2021\01\yellow_tripdata_2021-01.parquet,1369749,19
yellow,yellow_tripdata_2021-02.parquet,C:\Users\Steven Groenewald\Dropbox\PC\Desktop\UP\MIT805\Live Data\raw\nyc_taxi\yellow\2021\02\yellow_tripdata_2021-02.parquet,1371688,19
yellow,yellow_tripdata_2021-03.parquet,C:\Users\Steven Groenewald\Dropbox\PC\Desktop\UP\MIT805\Live Data\raw\nyc_taxi\yellow\2021\03\yellow_tripdata_2021-03.parquet,1925141,19
yellow,yellow_tripdata_2021-04.parquet,C:\Users\Steven Groenewald\Dropbox\PC\Desktop\UP\MIT805\Live Data\raw\nyc_taxi\yellow\2021\04\yellow_tripdata_2021-04.parquet,2171182,19
yellow,yellow_tripdata_2021-05.parquet,C:\Users\Steven Groenewald\Dropbox\PC\Desktop\UP\MIT805\Live Data\raw\nyc_taxi\yellow\2021\05\yellow_tripdata_2021-05.parquet,2507102,19
yellow,yellow_tripdata_2021-06.parquet,C:\Users\Steven Groenewald\Dropbox\PC\Desktop\UP\MIT805\Live Data\raw\nyc_taxi\yellow\2021\06\yellow_tripdata_2021-06.parquet,2834232,19
yellow,yellow_tripdata_2021-07.parquet,C:\Users\Steven Groenewald\Dropbox\PC\Desktop\UP\MIT805\Live Data\raw\nyc_taxi\yellow\2021\07\yellow_tripdata_2021-07.parquet,2821685,19
yellow,yellow_tripdata_2021-08.parquet,C:\Users\Steven Groenewald\Dropbox\PC\Desktop\UP\MIT805\Live Data\raw\nyc_taxi\yellow\2021\08\yellow_tripdata_2021-08.parquet,2788708,19
yellow,yellow_tripdata_2021-09.parquet,C:\Users\Steven Groenewald\Dropbox\PC\Desktop\UP\MIT805\Live Data\raw\nyc_taxi\yellow\2021\09\yellow_tripdata_2021-09.parquet,2963763,19
yellow,yellow_tripdata_2021-10.parquet,C:\Users\Steven Groenewald\Dropbox\PC\Desktop\UP\MIT805\Live Data\raw\nyc_taxi\yellow\2021\10\yellow_tripdata_2021-10.parquet,3463472,19
yellow,yellow_tripdata_2021-11.parquet,C:\Users\Steven Groenewald\Dropbox\PC\Desktop\UP\MIT805\Live Data\raw\nyc_taxi\yellow\2021\11\yellow_tripdata_2021-11.parquet,3472918,19
yellow,yellow_tripdata_2021-12.parquet,C:\Users\Steven Groenewald\Dropbox\PC\Desktop\UP\MIT805\Live Data\raw\nyc_taxi\yellow\2021\12\yellow_tripdata_2021-12.parquet,3214343,19
yellow,yellow_tripdata_2022-01.parquet,C:\Users\Steven Groenewald\Dropbox\PC\Desktop\UP\MIT805\Live Data\raw\nyc_taxi\yellow\2022\01\yellow_tripdata_2022-01.parquet,2463917,19
yellow,yellow_tripdata_2022-02.parquet,C:\Users\Steven Groenewald\Dropbox\PC\Desktop\UP\MIT805\Live Data\raw\nyc_taxi\yellow\2022\02\yellow_tripdata_2022-02.parquet,2979422,19
yellow,yellow_tripdata_2022-03.parquet,C:\Users\Steven Groenewald\Dropbox\PC\Desktop\UP\MIT805\Live Data\raw\nyc_taxi\yellow\2022\03\yellow_tripdata_2022-03.parquet,3627872,19
yellow,yellow_tripdata_2022-04.parquet,C:\Users\Steven Groenewald\Dropbox\PC\Desktop\UP\MIT805\Live Data\raw\nyc_taxi\yellow\2022\04\yellow_tripdata_2022-04.parquet,3599913,19
yellow,yellow_tripdata_2022-05.parquet,C:\Users\Steven Groenewald\Dropbox\PC\Desktop\UP\MIT805\Live Data\raw\nyc_taxi\yellow\2022\05\yellow_tripdata_2022-05.parquet,3588280,19
yellow,yellow_tripdata_2022-06.parquet,C:\Users\Steven Groenewald\Dropbox\PC\Desktop\UP\MIT805\Live Data\raw\nyc_taxi\yellow\2022\06\yellow_tripdata_2022-06.parquet,3557678,19
yellow,yellow_tripdata_2022-07.parquet,C:\Users\Steven Groenewald\Dropbox\PC\Desktop\UP\MIT805\Live Data\raw\nyc_taxi\yellow\2022\07\yellow_tripdata_2022-07.parquet,3174385,19
yellow,yellow_tripdata_2022-08.parquet,C:\Users\Steven Groenewald\Dropbox\PC\Desktop\UP\MIT805\Live Data\raw\nyc_taxi\yellow\2022\08\yellow_tripdata_2022-08.parquet,3152669,19
yellow,yellow_tripdata_2022-09.parquet,C:\Users\Steven Groenewald\Dropbox\PC\Desktop\UP\MIT805\Live Data\raw\nyc_taxi\yellow\2022\09\yellow_tripdata_2022-09.parquet,3183764,19
yellow,yellow_tripdata_2022-10.parquet,C:\Users\Steven Groenewald\Dropbox\PC\Desktop\UP\MIT805\Live Data\raw\nyc_taxi\yellow\2022\10\yellow_tripdata_2022-10.parquet,3675407,19
yellow,yellow_tripdata_2022-11.parquet,C:\Users\Steven Groenewald\Dropbox\PC\Desktop\UP\MIT805\Live Data\raw\nyc_taxi\yellow\2022\11\yellow_tripdata_2022-11.parquet,3252711,19
yellow,yellow_tripdata_2022-12.parquet,C:\Users\Steven Groenewald\Dropbox\PC\Desktop\UP\MIT805\Live Data\raw\nyc_taxi\yellow\2022\12\yellow_tripdata_2022-12.parquet,3399549,19
yellow,yellow_tripdata_2023-01.parquet,C:\Users\Steven Groenewald\Dropbox\PC\Desktop\UP\MIT805\Live Data\raw\nyc_taxi\yellow\2023\01\yellow_tripdata_2023-01.parquet,3066764,19
yellow,yellow_tripdata_2023-02.parquet,C:\Users\Steven Groenewald\Dropbox\PC\Desktop\UP\MIT805\Live Data\raw\nyc_taxi\yellow\2023\02\yellow_tripdata_2023-02.parquet,2913950,19
yellow,yellow_tripdata_2023-03.parquet,C:\Users\Steven Groenewald\Dropbox\PC\Desktop\UP\MIT805\Live Data\raw\nyc_taxi\yellow\2023\03\yellow_tripdata_2023-03.parquet,3403755,19
yellow,yellow_tripdata_2023-04.parquet,C:\Users\Steven Groenewald\Dropbox\PC\Desktop\UP\MIT805\Live Data\raw\nyc_taxi\yellow\2023\04\yellow_tripdata_2023-04.parquet,3288242,19
yellow,yellow_tripdata_2023-05.parquet,C:\Users\Steven Groenewald\Dropbox\PC\Desktop\UP\MIT805\Live Data\raw\nyc_taxi\yellow\2023\05\yellow_tripdata_2023-05.parquet,3513644,19
yellow,yellow_tripdata_2023-06.parquet,C:\Users\Steven Groenewald\Dropbox\PC\Desktop\UP\MIT805\Live Data\raw\nyc_taxi\yellow\2023\06\yellow_tripdata_2023-06.parquet,3307228,19
yellow,yellow_tripdata_2023-07.parquet,C:\Users\Steven Groenewald\Dropbox\PC\Desktop\UP\MIT805\Live Data\raw\nyc_taxi\yellow\2023\07\yellow_tripdata_2023-07.parquet,2907104,19
yellow,yellow_tripdata_2023-08.parquet,C:\Users\Steven Groenewald\Dropbox\PC\Desktop\UP\MIT805\Live Data\raw\nyc_taxi\yellow\2023\08\yellow_tripdata_2023-08.parquet,2824202,19
yellow,yellow_tripdata_2023-09.parquet,C:\Users\Steven Groenewald\Dropbox\PC\Desktop\UP\MIT805\Live Data\raw\nyc_taxi\yellow\2023\09\yellow_tripdata_2023-09.parquet,2846716,19
yellow,yellow_tripdata_2023-10.parquet,C:\Users\Steven Groenewald\Dropbox\PC\Desktop\UP\MIT805\Live Data\raw\nyc_taxi\yellow\2023\10\yellow_tripdata_2023-10.parquet,3522281,19
yellow,yellow_tripdata_2023-11.parquet,C:\Users\Steven Groenewald\Dropbox\PC\Desktop\UP\MIT805\Live Data\raw\nyc_taxi\yellow\2023\11\yellow_tripdata_2023-11.parquet,3339714,19
yellow,yellow_tripdata_2023-12.parquet,C:\Users\Steven Groenewald\Dropbox\PC\Desktop\UP\MIT805\Live Data\raw\nyc_taxi\yellow\2023\12\yellow_tripdata_2023-12.parquet,3376564,19
yellow,yellow_tripdata_2024-01.parquet,C:\Users\Steven Groenewald\Dropbox\PC\Desktop\UP\MIT805\Live Data\raw\nyc_taxi\yellow\2024\01\yellow_tripdata_2024-01.parquet,2964619,19
yellow,yellow_tripdata_2024-02.parquet,C:\Users\Steven Groenewald\Dropbox\PC\Desktop\UP\MIT805\Live Data\raw\nyc_taxi\yellow\2024\02\yellow_tripdata_2024-02.parquet,3007524,19
yellow,yellow_tripdata_2024-03.parquet,C:\Users\Steven Groenewald\Dropbox\PC\Desktop\UP\MIT805\Live Data\raw\nyc_taxi\yellow\2024\03\yellow_tripdata_2024-03.parquet,3582626,19
yellow,yellow_tripdata_2024-04.parquet,C:\Users\Steven Groenewald\Dropbox\PC\Desktop\UP\MIT805\Live Data\raw\nyc_taxi\yellow\2024\04\yellow_tripdata_2024-04.parquet,3514285,19
yellow,yellow_tripdata_2024-05.parquet,C:\Users\Steven Groenewald\Dropbox\PC\Desktop\UP\MIT805\Live Data\raw\nyc_taxi\yellow\2024\05\yellow_tripdata_2024-05.parquet,3723826,19
yellow,yellow_tripdata_2024-06.parquet,C:\Users\Steven Groenewald\Dropbox\PC\Desktop\UP\MIT805\Live Data\raw\nyc_taxi\yellow\2024\06\yellow_tripdata_2024-06.parquet,3539187,19
yellow,yellow_tripdata_2024-07.parquet,C:\Users\Steven Groenewald\Dropbox\PC\Desktop\UP\MIT805\Live Data\raw\nyc_taxi\yellow\2024\07\yellow_tripdata_2024-07.parquet,3076900,19
yellow,yellow_tripdata_2024-08.parquet,C:\Users\Steven Groenewald\Dropbox\PC\Desktop\UP\MIT805\Live Data\raw\nyc_taxi\yellow\2024\08\yellow_tripdata_2024-08.parquet,2979181,19
yellow,yellow_tripdata_2024-09.parquet,C:\Users\Steven Groenewald\Dropbox\PC\Desktop\UP\MIT805\Live Data\raw\nyc_taxi\yellow\2024\09\yellow_tripdata_2024-09.parquet,3633027,19
yellow,yellow_tripdata_2024-10.parquet,C:\Users\Steven Groenewald\Dropbox\PC\Desktop\UP\MIT805\Live Data\raw\nyc_taxi\yellow\2024\10\yellow_tripdata_2024-10.parquet,3833770,19
yellow,yellow_tripdata_2024-11.parquet,C:\Users\Steven Groenewald\Dropbox\PC\Desktop\UP\MIT805\Live Data\raw\nyc_taxi\yellow\2024\11\yellow_tripdata_2024-11.parquet,3646366,19
yellow,yellow_tripdata_2024-12.parquet,C:\Users\Steven Groenewald\Dropbox\PC\Desktop\UP\MIT805\Live Data\raw\nyc_taxi\yellow\2024\12\yellow_tripdata_2024-12.parquet,3668368,19
yellow,yellow_tripdata_2025-01.parquet,C:\Users\Steven Groenewald\Dropbox\PC\Desktop\UP\MIT805\Live Data\raw\nyc_taxi\yellow\2025\01\yellow_tripdata_2025-01.parquet,3475226,20
yellow,yellow_tripdata_2025-02.parquet,C:\Users\Steven Groenewald\Dropbox\PC\Desktop\UP\MIT805\Live Data\raw\nyc_taxi\yellow\2025\02\yellow_tripdata_2025-02.parquet,3577543,20
yellow,yellow_tripdata_2025-03.parquet,C:\Users\Steven Groenewald\Dropbox\PC\Desktop\UP\MIT805\Live Data\raw\nyc_taxi\yellow\2025\03\yellow_tripdata_2025-03.parquet,4145255,20
yellow,yellow_tripdata_2025-04.parquet,C:\Users\Steven Groenewald\Dropbox\PC\Desktop\UP\MIT805\Live Data\raw\nyc_taxi\yellow\2025\04\yellow_tripdata_2025-04.parquet,3970553,20
yellow,yellow_tripdata_2025-05.parquet,C:\Users\Steven Groenewald\Dropbox\PC\Desktop\UP\MIT805\Live Data\raw\nyc_taxi\yellow\2025\05\yellow_tripdata_2025-05.parquet,4591844,20
yellow,yellow_tripdata_2025-06.parquet,C:\Users\Steven Groenewald\Dropbox\PC\Desktop\UP\MIT805\Live Data\raw\nyc_taxi\yellow\2025\06\yellow_tripdata_2025-06.parquet,4322960,20
yellow,yellow_tripdata_2025-07.parquet,C:\Users\Steven Groenewald\Dropbox\PC\Desktop\UP\MIT805\Live Data\raw\nyc_taxi\yellow\2025\07\yellow_tripdata_2025-07.parquet,3898962,20
yellow,TOTAL,,178021736,21
green,green_tripdata_2021-01.parquet,C:\Users\Steven Groenewald\Dropbox\PC\Desktop\UP\MIT805\Live Data\raw\nyc_taxi\green\2021\01\green_tripdata_2021-01.parquet,76515,20
green,green_tripdata_2021-02.parquet,C:\Users\Steven Groenewald\Dropbox\PC\Desktop\UP\MIT805\Live Data\raw\nyc_taxi\green\2021\02\green_tripdata_2021-02.parquet,64571,20
green,green_tripdata_2021-03.parquet,C:\Users\Steven Groenewald\Dropbox\PC\Desktop\UP\MIT805\Live Data\raw\nyc_taxi\green\2021\03\green_tripdata_2021-03.parquet,83827,20
green,green_tripdata_2021-04.parquet,C:\Users\Steven Groenewald\Dropbox\PC\Desktop\UP\MIT805\Live Data\raw\nyc_taxi\green\2021\04\green_tripdata_2021-04.parquet,86940,20
green,green_tripdata_2021-05.parquet,C:\Users\Steven Groenewald\Dropbox\PC\Desktop\UP\MIT805\Live Data\raw\nyc_taxi\green\2021\05\green_tripdata_2021-05.parquet,88177,20
green,green_tripdata_2021-06.parquet,C:\Users\Steven Groenewald\Dropbox\PC\Desktop\UP\MIT805\Live Data\raw\nyc_taxi\green\2021\06\green_tripdata_2021-06.parquet,86736,20
green,green_tripdata_2021-07.parquet,C:\Users\Steven Groenewald\Dropbox\PC\Desktop\UP\MIT805\Live Data\raw\nyc_taxi\green\2021\07\green_tripdata_2021-07.parquet,83686,20
green,green_tripdata_2021-08.parquet,C:\Users\Steven Groenewald\Dropbox\PC\Desktop\UP\MIT805\Live Data\raw\nyc_taxi\green\2021\08\green_tripdata_2021-08.parquet,83493,20
green,green_tripdata_2021-09.parquet,C:\Users\Steven Groenewald\Dropbox\PC\Desktop\UP\MIT805\Live Data\raw\nyc_taxi\green\2021\09\green_tripdata_2021-09.parquet,95706,20
green,green_tripdata_2021-10.parquet,C:\Users\Steven Groenewald\Dropbox\PC\Desktop\UP\MIT805\Live Data\raw\nyc_taxi\green\2021\10\green_tripdata_2021-10.parquet,110889,20
green,green_tripdata_2021-11.parquet,C:\Users\Steven Groenewald\Dropbox\PC\Desktop\UP\MIT805\Live Data\raw\nyc_taxi\green\2021\11\green_tripdata_2021-11.parquet,108226,20
green,green_tripdata_2021-12.parquet,C:\Users\Steven Groenewald\Dropbox\PC\Desktop\UP\MIT805\Live Data\raw\nyc_taxi\green\2021\12\green_tripdata_2021-12.parquet,99959,20
green,green_tripdata_2022-01.parquet,C:\Users\Steven Groenewald\Dropbox\PC\Desktop\UP\MIT805\Live Data\raw\nyc_taxi\green\2022\01\green_tripdata_2022-01.parquet,62494,20
green,green_tripdata_2022-02.parquet,C:\Users\Steven Groenewald\Dropbox\PC\Desktop\UP\MIT805\Live Data\raw\nyc_taxi\green\2022\02\green_tripdata_2022-02.parquet,69398,20
green,green_tripdata_2022-03.parquet,C:\Users\Steven Groenewald\Dropbox\PC\Desktop\UP\MIT805\Live Data\raw\nyc_taxi\green\2022\03\green_tripdata_2022-03.parquet,78537,20
green,green_tripdata_2022-04.parquet,C:\Users\Steven Groenewald\Dropbox\PC\Desktop\UP\MIT805\Live Data\raw\nyc_taxi\green\2022\04\green_tripdata_2022-04.parquet,76136,20
green,green_tripdata_2022-05.parquet,C:\Users\Steven Groenewald\Dropbox\PC\Desktop\UP\MIT805\Live Data\raw\nyc_taxi\green\2022\05\green_tripdata_2022-05.parquet,76891,20
green,green_tripdata_2022-06.parquet,C:\Users\Steven Groenewald\Dropbox\PC\Desktop\UP\MIT805\Live Data\raw\nyc_taxi\green\2022\06\green_tripdata_2022-06.parquet,73716,20
green,green_tripdata_2022-07.parquet,C:\Users\Steven Groenewald\Dropbox\PC\Desktop\UP\MIT805\Live Data\raw\nyc_taxi\green\2022\07\green_tripdata_2022-07.parquet,64192,20
green,green_tripdata_2022-08.parquet,C:\Users\Steven Groenewald\Dropbox\PC\Desktop\UP\MIT805\Live Data\raw\nyc_taxi\green\2022\08\green_tripdata_2022-08.parquet,65928,20
green,green_tripdata_2022-09.parquet,C:\Users\Steven Groenewald\Dropbox\PC\Desktop\UP\MIT805\Live Data\raw\nyc_taxi\green\2022\09\green_tripdata_2022-09.parquet,69031,20
green,green_tripdata_2022-10.parquet,C:\Users\Steven Groenewald\Dropbox\PC\Desktop\UP\MIT805\Live Data\raw\nyc_taxi\green\2022\10\green_tripdata_2022-10.parquet,69321,20
green,green_tripdata_2022-11.parquet,C:\Users\Steven Groenewald\Dropbox\PC\Desktop\UP\MIT805\Live Data\raw\nyc_taxi\green\2022\11\green_tripdata_2022-11.parquet,62312,20
green,green_tripdata_2022-12.parquet,C:\Users\Steven Groenewald\Dropbox\PC\Desktop\UP\MIT805\Live Data\raw\nyc_taxi\green\2022\12\green_tripdata_2022-12.parquet,72439,20
green,green_tripdata_2023-01.parquet,C:\Users\Steven Groenewald\Dropbox\PC\Desktop\UP\MIT805\Live Data\raw\nyc_taxi\green\2023\01\green_tripdata_2023-01.parquet,68210,20
green,green_tripdata_2023-02.parquet,C:\Users\Steven Groenewald\Dropbox\PC\Desktop\UP\MIT805\Live Data\raw\nyc_taxi\green\2023\02\green_tripdata_2023-02.parquet,64808,20
green,green_tripdata_2023-03.parquet,C:\Users\Steven Groenewald\Dropbox\PC\Desktop\UP\MIT805\Live Data\raw\nyc_taxi\green\2023\03\green_tripdata_2023-03.parquet,72044,20
green,green_tripdata_2023-04.parquet,C:\Users\Steven Groenewald\Dropbox\PC\Desktop\UP\MIT805\Live Data\raw\nyc_taxi\green\2023\04\green_tripdata_2023-04.parquet,65392,20
green,green_tripdata_2023-05.parquet,C:\Users\Steven Groenewald\Dropbox\PC\Desktop\UP\MIT805\Live Data\raw\nyc_taxi\green\2023\05\green_tripdata_2023-05.parquet,69173,20
green,green_tripdata_2023-06.parquet,C:\Users\Steven Groenewald\Dropbox\PC\Desktop\UP\MIT805\Live Data\raw\nyc_taxi\green\2023\06\green_tripdata_2023-06.parquet,65550,20
green,green_tripdata_2023-07.parquet,C:\Users\Steven Groenewald\Dropbox\PC\Desktop\UP\MIT805\Live Data\raw\nyc_taxi\green\2023\07\green_tripdata_2023-07.parquet,61343,20
green,green_tripdata_2023-08.parquet,C:\Users\Steven Groenewald\Dropbox\PC\Desktop\UP\MIT805\Live Data\raw\nyc_taxi\green\2023\08\green_tripdata_2023-08.parquet,60649,20
green,green_tripdata_2023-09.parquet,C:\Users\Steven Groenewald\Dropbox\PC\Desktop\UP\MIT805\Live Data\raw\nyc_taxi\green\2023\09\green_tripdata_2023-09.parquet,65469,20
green,green_tripdata_2023-10.parquet,C:\Users\Steven Groenewald\Dropbox\PC\Desktop\UP\MIT805\Live Data\raw\nyc_taxi\green\2023\10\green_tripdata_2023-10.parquet,66177,20
green,green_tripdata_2023-11.parquet,C:\Users\Steven Groenewald\Dropbox\PC\Desktop\UP\MIT805\Live Data\raw\nyc_taxi\green\2023\11\green_tripdata_2023-11.parquet,64025,20
green,green_tripdata_2023-12.parquet,C:\Users\Steven Groenewald\Dropbox\PC\Desktop\UP\MIT805\Live Data\raw\nyc_taxi\green\2023\12\green_tripdata_2023-12.parquet,64215,20
green,green_tripdata_2024-01.parquet,C:\Users\Steven Groenewald\Dropbox\PC\Desktop\UP\MIT805\Live Data\raw\nyc_taxi\green\2024\01\green_tripdata_2024-01.parquet,56551,20
green,green_tripdata_2024-02.parquet,C:\Users\Steven Groenewald\Dropbox\PC\Desktop\UP\MIT805\Live Data\raw\nyc_taxi\green\2024\02\green_tripdata_2024-02.parquet,53577,20
green,green_tripdata_2024-03.parquet,C:\Users\Steven Groenewald\Dropbox\PC\Desktop\UP\MIT805\Live Data\raw\nyc_taxi\green\2024\03\green_tripdata_2024-03.parquet,57455,20
green,green_tripdata_2024-04.parquet,C:\Users\Steven Groenewald\Dropbox\PC\Desktop\UP\MIT805\Live Data\raw\nyc_taxi\green\2024\04\green_tripdata_2024-04.parquet,56471,20
green,green_tripdata_2024-05.parquet,C:\Users\Steven Groenewald\Dropbox\PC\Desktop\UP\MIT805\Live Data\raw\nyc_taxi\green\2024\05\green_tripdata_2024-05.parquet,61001,20
green,green_tripdata_2024-06.parquet,C:\Users\Steven Groenewald\Dropbox\PC\Desktop\UP\MIT805\Live Data\raw\nyc_taxi\green\2024\06\green_tripdata_2024-06.parquet,54748,20
green,green_tripdata_2024-07.parquet,C:\Users\Steven Groenewald\Dropbox\PC\Desktop\UP\MIT805\Live Data\raw\nyc_taxi\green\2024\07\green_tripdata_2024-07.parquet,51837,20
green,green_tripdata_2024-08.parquet,C:\Users\Steven Groenewald\Dropbox\PC\Desktop\UP\MIT805\Live Data\raw\nyc_taxi\green\2024\08\green_tripdata_2024-08.parquet,51771,20
green,green_tripdata_2024-09.parquet,C:\Users\Steven Groenewald\Dropbox\PC\Desktop\UP\MIT805\Live Data\raw\nyc_taxi\green\2024\09\green_tripdata_2024-09.parquet,54439,20
green,green_tripdata_2024-10.parquet,C:\Users\Steven Groenewald\Dropbox\PC\Desktop\UP\MIT805\Live Data\raw\nyc_taxi\green\2024\10\green_tripdata_2024-10.parquet,56147,20
green,green_tripdata_2024-11.parquet,C:\Users\Steven Groenewald\Dropbox\PC\Desktop\UP\MIT805\Live Data\raw\nyc_taxi\green\2024\11\green_tripdata_2024-11.parquet,52222,20
green,green_tripdata_2024-12.parquet,C:\Users\Steven Groenewald\Dropbox\PC\Desktop\UP\MIT805\Live Data\raw\nyc_taxi\green\2024\12\green_tripdata_2024-12.parquet,53992,20
green,green_tripdata_2025-01.parquet,C:\Users\Steven Groenewald\Dropbox\PC\Desktop\UP\MIT805\Live Data\raw\nyc_taxi\green\2025\01\green_tripdata_2025-01.parquet,48326,21
green,green_tripdata_2025-02.parquet,C:\Users\Steven Groenewald\Dropbox\PC\Desktop\UP\MIT805\Live Data\raw\nyc_taxi\green\2025\02\green_tripdata_2025-02.parquet,46621,21
green,green_tripdata_2025-03.parquet,C:\Users\Steven Groenewald\Dropbox\PC\Desktop\UP\MIT805\Live Data\raw\nyc_taxi\green\2025\03\green_tripdata_2025-03.parquet,51539,21
green,green_tripdata_2025-04.parquet,C:\Users\Steven Groenewald\Dropbox\PC\Desktop\UP\MIT805\Live Data\raw\nyc_taxi\green\2025\04\green_tripdata_2025-04.parquet,52132,21
green,green_tripdata_2025-05.parquet,C:\Users\Steven Groenewald\Dropbox\PC\Desktop\UP\MIT805\Live Data\raw\nyc_taxi\green\2025\05\green_tripdata_2025-05.parquet,55399,21
green,green_tripdata_2025-06.parquet,C:\Users\Steven Groenewald\Dropbox\PC\Desktop\UP\MIT805\Live Data\raw\nyc_taxi\green\2025\06\green_tripdata_2025-06.parquet,49390,21
green,green_tripdata_2025-07.parquet,C:\Users\Steven Groenewald\Dropbox\PC\Desktop\UP\MIT805\Live Data\raw\nyc_taxi\green\2025\07\green_tripdata_2025-07.parquet,48202,21
green,TOTAL,,3707995,21
fhvhv,fhvhv_tripdata_2021-01.parquet,C:\Users\Steven Groenewald\Dropbox\PC\Desktop\UP\MIT805\Live Data\raw\nyc_taxi\fhvhv\2021\01\fhvhv_tripdata_2021-01.parquet,11908468,24
fhvhv,fhvhv_tripdata_2021-02.parquet,C:\Users\Steven Groenewald\Dropbox\PC\Desktop\UP\MIT805\Live Data\raw\nyc_taxi\fhvhv\2021\02\fhvhv_tripdata_2021-02.parquet,11613942,24
fhvhv,fhvhv_tripdata_2021-03.parquet,C:\Users\Steven Groenewald\Dropbox\PC\Desktop\UP\MIT805\Live Data\raw\nyc_taxi\fhvhv\2021\03\fhvhv_tripdata_2021-03.parquet,14227393,24
fhvhv,fhvhv_tripdata_2021-04.parquet,C:\Users\Steven Groenewald\Dropbox\PC\Desktop\UP\MIT805\Live Data\raw\nyc_taxi\fhvhv\2021\04\fhvhv_tripdata_2021-04.parquet,14111371,24
fhvhv,fhvhv_tripdata_2021-05.parquet,C:\Users\Steven Groenewald\Dropbox\PC\Desktop\UP\MIT805\Live Data\raw\nyc_taxi\fhvhv\2021\05\fhvhv_tripdata_2021-05.parquet,14719171,24
fhvhv,fhvhv_tripdata_2021-06.parquet,C:\Users\Steven Groenewald\Dropbox\PC\Desktop\UP\MIT805\Live Data\raw\nyc_taxi\fhvhv\2021\06\fhvhv_tripdata_2021-06.parquet,14961892,24
fhvhv,fhvhv_tripdata_2021-07.parquet,C:\Users\Steven Groenewald\Dropbox\PC\Desktop\UP\MIT805\Live Data\raw\nyc_taxi\fhvhv\2021\07\fhvhv_tripdata_2021-07.parquet,15027174,24
fhvhv,fhvhv_tripdata_2021-08.parquet,C:\Users\Steven Groenewald\Dropbox\PC\Desktop\UP\MIT805\Live Data\raw\nyc_taxi\fhvhv\2021\08\fhvhv_tripdata_2021-08.parquet,14499696,24
fhvhv,fhvhv_tripdata_2021-09.parquet,C:\Users\Steven Groenewald\Dropbox\PC\Desktop\UP\MIT805\Live Data\raw\nyc_taxi\fhvhv\2021\09\fhvhv_tripdata_2021-09.parquet,14886055,24
fhvhv,fhvhv_tripdata_2021-10.parquet,C:\Users\Steven Groenewald\Dropbox\PC\Desktop\UP\MIT805\Live Data\raw\nyc_taxi\fhvhv\2021\10\fhvhv_tripdata_2021-10.parquet,16545356,24
fhvhv,fhvhv_tripdata_2021-11.parquet,C:\Users\Steven Groenewald\Dropbox\PC\Desktop\UP\MIT805\Live Data\raw\nyc_taxi\fhvhv\2021\11\fhvhv_tripdata_2021-11.parquet,16041639,24
fhvhv,fhvhv_tripdata_2021-12.parquet,C:\Users\Steven Groenewald\Dropbox\PC\Desktop\UP\MIT805\Live Data\raw\nyc_taxi\fhvhv\2021\12\fhvhv_tripdata_2021-12.parquet,16054495,24
fhvhv,fhvhv_tripdata_2022-01.parquet,C:\Users\Steven Groenewald\Dropbox\PC\Desktop\UP\MIT805\Live Data\raw\nyc_taxi\fhvhv\2022\01\fhvhv_tripdata_2022-01.parquet,14751591,24
fhvhv,fhvhv_tripdata_2022-02.parquet,C:\Users\Steven Groenewald\Dropbox\PC\Desktop\UP\MIT805\Live Data\raw\nyc_taxi\fhvhv\2022\02\fhvhv_tripdata_2022-02.parquet,16019283,24
fhvhv,fhvhv_tripdata_2022-03.parquet,C:\Users\Steven Groenewald\Dropbox\PC\Desktop\UP\MIT805\Live Data\raw\nyc_taxi\fhvhv\2022\03\fhvhv_tripdata_2022-03.parquet,18453548,24
fhvhv,fhvhv_tripdata_2022-04.parquet,C:\Users\Steven Groenewald\Dropbox\PC\Desktop\UP\MIT805\Live Data\raw\nyc_taxi\fhvhv\2022\04\fhvhv_tripdata_2022-04.parquet,17752561,24
fhvhv,fhvhv_tripdata_2022-05.parquet,C:\Users\Steven Groenewald\Dropbox\PC\Desktop\UP\MIT805\Live Data\raw\nyc_taxi\fhvhv\2022\05\fhvhv_tripdata_2022-05.parquet,18157335,24
fhvhv,fhvhv_tripdata_2022-06.parquet,C:\Users\Steven Groenewald\Dropbox\PC\Desktop\UP\MIT805\Live Data\raw\nyc_taxi\fhvhv\2022\06\fhvhv_tripdata_2022-06.parquet,17780075,24
fhvhv,fhvhv_tripdata_2022-07.parquet,C:\Users\Steven Groenewald\Dropbox\PC\Desktop\UP\MIT805\Live Data\raw\nyc_taxi\fhvhv\2022\07\fhvhv_tripdata_2022-07.parquet,17464619,24
fhvhv,fhvhv_tripdata_2022-08.parquet,C:\Users\Steven Groenewald\Dropbox\PC\Desktop\UP\MIT805\Live Data\raw\nyc_taxi\fhvhv\2022\08\fhvhv_tripdata_2022-08.parquet,17185687,24
fhvhv,fhvhv_tripdata_2022-09.parquet,C:\Users\Steven Groenewald\Dropbox\PC\Desktop\UP\MIT805\Live Data\raw\nyc_taxi\fhvhv\2022\09\fhvhv_tripdata_2022-09.parquet,17793551,24
fhvhv,fhvhv_tripdata_2022-10.parquet,C:\Users\Steven Groenewald\Dropbox\PC\Desktop\UP\MIT805\Live Data\raw\nyc_taxi\fhvhv\2022\10\fhvhv_tripdata_2022-10.parquet,19306090,24
fhvhv,fhvhv_tripdata_2022-11.parquet,C:\Users\Steven Groenewald\Dropbox\PC\Desktop\UP\MIT805\Live Data\raw\nyc_taxi\fhvhv\2022\11\fhvhv_tripdata_2022-11.parquet,18085896,24
fhvhv,fhvhv_tripdata_2022-12.parquet,C:\Users\Steven Groenewald\Dropbox\PC\Desktop\UP\MIT805\Live Data\raw\nyc_taxi\fhvhv\2022\12\fhvhv_tripdata_2022-12.parquet,19665847,24
fhvhv,fhvhv_tripdata_2023-01.parquet,C:\Users\Steven Groenewald\Dropbox\PC\Desktop\UP\MIT805\Live Data\raw\nyc_taxi\fhvhv\2023\01\fhvhv_tripdata_2023-01.parquet,18479031,24
fhvhv,fhvhv_tripdata_2023-02.parquet,C:\Users\Steven Groenewald\Dropbox\PC\Desktop\UP\MIT805\Live Data\raw\nyc_taxi\fhvhv\2023\02\fhvhv_tripdata_2023-02.parquet,17960971,24
fhvhv,fhvhv_tripdata_2023-03.parquet,C:\Users\Steven Groenewald\Dropbox\PC\Desktop\UP\MIT805\Live Data\raw\nyc_taxi\fhvhv\2023\03\fhvhv_tripdata_2023-03.parquet,20413539,24
fhvhv,fhvhv_tripdata_2023-04.parquet,C:\Users\Steven Groenewald\Dropbox\PC\Desktop\UP\MIT805\Live Data\raw\nyc_taxi\fhvhv\2023\04\fhvhv_tripdata_2023-04.parquet,19144903,24
fhvhv,fhvhv_tripdata_2023-05.parquet,C:\Users\Steven Groenewald\Dropbox\PC\Desktop\UP\MIT805\Live Data\raw\nyc_taxi\fhvhv\2023\05\fhvhv_tripdata_2023-05.parquet,19847676,24
fhvhv,fhvhv_tripdata_2023-06.parquet,C:\Users\Steven Groenewald\Dropbox\PC\Desktop\UP\MIT805\Live Data\raw\nyc_taxi\fhvhv\2023\06\fhvhv_tripdata_2023-06.parquet,19366619,24
fhvhv,fhvhv_tripdata_2023-07.parquet,C:\Users\Steven Groenewald\Dropbox\PC\Desktop\UP\MIT805\Live Data\raw\nyc_taxi\fhvhv\2023\07\fhvhv_tripdata_2023-07.parquet,19132131,24
fhvhv,fhvhv_tripdata_2023-08.parquet,C:\Users\Steven Groenewald\Dropbox\PC\Desktop\UP\MIT805\Live Data\raw\nyc_taxi\fhvhv\2023\08\fhvhv_tripdata_2023-08.parquet,18322150,24
fhvhv,fhvhv_tripdata_2023-09.parquet,C:\Users\Steven Groenewald\Dropbox\PC\Desktop\UP\MIT805\Live Data\raw\nyc_taxi\fhvhv\2023\09\fhvhv_tripdata_2023-09.parquet,19851123,24
fhvhv,fhvhv_tripdata_2023-10.parquet,C:\Users\Steven Groenewald\Dropbox\PC\Desktop\UP\MIT805\Live Data\raw\nyc_taxi\fhvhv\2023\10\fhvhv_tripdata_2023-10.parquet,20186330,24
fhvhv,fhvhv_tripdata_2023-11.parquet,C:\Users\Steven Groenewald\Dropbox\PC\Desktop\UP\MIT805\Live Data\raw\nyc_taxi\fhvhv\2023\11\fhvhv_tripdata_2023-11.parquet,19269250,24
fhvhv,fhvhv_tripdata_2023-12.parquet,C:\Users\Steven Groenewald\Dropbox\PC\Desktop\UP\MIT805\Live Data\raw\nyc_taxi\fhvhv\2023\12\fhvhv_tripdata_2023-12.parquet,20516297,24
fhvhv,fhvhv_tripdata_2024-01.parquet,C:\Users\Steven Groenewald\Dropbox\PC\Desktop\UP\MIT805\Live Data\raw\nyc_taxi\fhvhv\2024\01\fhvhv_tripdata_2024-01.parquet,19663930,24
fhvhv,fhvhv_tripdata_2024-02.parquet,C:\Users\Steven Groenewald\Dropbox\PC\Desktop\UP\MIT805\Live Data\raw\nyc_taxi\fhvhv\2024\02\fhvhv_tripdata_2024-02.parquet,19359148,24
fhvhv,fhvhv_tripdata_2024-03.parquet,C:\Users\Steven Groenewald\Dropbox\PC\Desktop\UP\MIT805\Live Data\raw\nyc_taxi\fhvhv\2024\03\fhvhv_tripdata_2024-03.parquet,21280788,24
fhvhv,fhvhv_tripdata_2024-04.parquet,C:\Users\Steven Groenewald\Dropbox\PC\Desktop\UP\MIT805\Live Data\raw\nyc_taxi\fhvhv\2024\04\fhvhv_tripdata_2024-04.parquet,19733038,24
fhvhv,fhvhv_tripdata_2024-05.parquet,C:\Users\Steven Groenewald\Dropbox\PC\Desktop\UP\MIT805\Live Data\raw\nyc_taxi\fhvhv\2024\05\fhvhv_tripdata_2024-05.parquet,20704538,24
fhvhv,fhvhv_tripdata_2024-06.parquet,C:\Users\Steven Groenewald\Dropbox\PC\Desktop\UP\MIT805\Live Data\raw\nyc_taxi\fhvhv\2024\06\fhvhv_tripdata_2024-06.parquet,20123226,24
fhvhv,fhvhv_tripdata_2024-07.parquet,C:\Users\Steven Groenewald\Dropbox\PC\Desktop\UP\MIT805\Live Data\raw\nyc_taxi\fhvhv\2024\07\fhvhv_tripdata_2024-07.parquet,19182934,24
fhvhv,fhvhv_tripdata_2024-08.parquet,C:\Users\Steven Groenewald\Dropbox\PC\Desktop\UP\MIT805\Live Data\raw\nyc_taxi\fhvhv\2024\08\fhvhv_tripdata_2024-08.parquet,19128392,24
fhvhv,fhvhv_tripdata_2024-09.parquet,C:\Users\Steven Groenewald\Dropbox\PC\Desktop\UP\MIT805\Live Data\raw\nyc_taxi\fhvhv\2024\09\fhvhv_tripdata_2024-09.parquet,19209788,24
fhvhv,fhvhv_tripdata_2024-10.parquet,C:\Users\Steven Groenewald\Dropbox\PC\Desktop\UP\MIT805\Live Data\raw\nyc_taxi\fhvhv\2024\10\fhvhv_tripdata_2024-10.parquet,20028282,24
fhvhv,fhvhv_tripdata_2024-11.parquet,C:\Users\Steven Groenewald\Dropbox\PC\Desktop\UP\MIT805\Live Data\raw\nyc_taxi\fhvhv\2024\11\fhvhv_tripdata_2024-11.parquet,19987533,24
fhvhv,fhvhv_tripdata_2024-12.parquet,C:\Users\Steven Groenewald\Dropbox\PC\Desktop\UP\MIT805\Live Data\raw\nyc_taxi\fhvhv\2024\12\fhvhv_tripdata_2024-12.parquet,21068851,24
fhvhv,fhvhv_tripdata_2025-01.parquet,C:\Users\Steven Groenewald\Dropbox\PC\Desktop\UP\MIT805\Live Data\raw\nyc_taxi\fhvhv\2025\01\fhvhv_tripdata_2025-01.parquet,20405666,25
fhvhv,fhvhv_tripdata_2025-02.parquet,C:\Users\Steven Groenewald\Dropbox\PC\Desktop\UP\MIT805\Live Data\raw\nyc_taxi\fhvhv\2025\02\fhvhv_tripdata_2025-02.parquet,19339461,25
fhvhv,fhvhv_tripdata_2025-03.parquet,C:\Users\Steven Groenewald\Dropbox\PC\Desktop\UP\MIT805\Live Data\raw\nyc_taxi\fhvhv\2025\03\fhvhv_tripdata_2025-03.parquet,20536879,25
fhvhv,fhvhv_tripdata_2025-04.parquet,C:\Users\Steven Groenewald\Dropbox\PC\Desktop\UP\MIT805\Live Data\raw\nyc_taxi\fhvhv\2025\04\fhvhv_tripdata_2025-04.parquet,19753983,25
fhvhv,fhvhv_tripdata_2025-05.parquet,C:\Users\Steven Groenewald\Dropbox\PC\Desktop\UP\MIT805\Live Data\raw\nyc_taxi\fhvhv\2025\05\fhvhv_tripdata_2025-05.parquet,21091193,25
fhvhv,fhvhv_tripdata_2025-06.parquet,C:\Users\Steven Groenewald\Dropbox\PC\Desktop\UP\MIT805\Live Data\raw\nyc_taxi\fhvhv\2025\06\fhvhv_tripdata_2025-06.parquet,19868009,25
fhvhv,fhvhv_tripdata_2025-07.parquet,C:\Users\Steven Groenewald\Dropbox\PC\Desktop\UP\MIT805\Live Data\raw\nyc_taxi\fhvhv\2025\07\fhvhv_tripdata_2025-07.parquet,19653012,25
fhvhv,TOTAL,,999621406,25
